{"cameraMode":{"drawMode":0,"name":"Shaded","section":"Shading Mode"},"sceneLighting":false,"audioPlay":false,"sceneViewState":{"showFog":true,"showMaterialUpdate":false,"showSkybox":false,"showFlares":true,"showImageEffects":true,"showParticleSystems":true,"showVisualEffectGraphs":true,"m_FxEnabled":true},"in2DMode":false,"pivot":{"x":-1.025484323501587,"y":5.804384231567383,"z":20.461437225341798},"rotation":{"x":0.0018182402709499002,"y":0.9981819987297058,"z":0.042550407350063327,"w":-0.04283846914768219},"size":5.691352844238281,"orthographic":false}