{"cameraMode":{"drawMode":0,"name":"Shaded","section":"Shading Mode"},"sceneLighting":false,"audioPlay":false,"sceneViewState":{"showFog":true,"showMaterialUpdate":false,"showSkybox":false,"showFlares":true,"showImageEffects":true,"showParticleSystems":true,"showVisualEffectGraphs":true,"m_FxEnabled":true},"in2DMode":false,"pivot":{"x":0.30867481231689455,"y":-0.09949827194213867,"z":33.599998474121097},"rotation":{"x":0.013487346470355988,"y":-0.9421142935752869,"z":-0.038176506757736209,"w":-0.332838773727417},"size":8.958353996276856,"orthographic":false}