{"cameraMode":{"drawMode":0,"name":"Shaded","section":"Shading Mode"},"sceneLighting":false,"audioPlay":false,"sceneViewState":{"showFog":true,"showMaterialUpdate":false,"showSkybox":false,"showFlares":true,"showImageEffects":true,"showParticleSystems":true,"showVisualEffectGraphs":true,"m_FxEnabled":true},"in2DMode":false,"pivot":{"x":-0.31897109746932986,"y":1.8520541191101075,"z":0.4940621852874756},"rotation":{"x":0.0022788140922784807,"y":0.9861828684806824,"z":-0.16512297093868257,"w":0.01360524632036686},"size":0.1954384446144104,"orthographic":false}